<?xml version="1.0" encoding="UTF-8"?>
<beans xmlns="http://www.springframework.org/schema/beans"
	xmlns:xsi="http://www.w3.org/2001/XMLSchema-instance"
	xmlns:c="http://www.springframework.org/schema/c"
	xsi:schemaLocation="http://www.springframework.org/schema/beans http://www.springframework.org/schema/beans/spring-beans.xsd">

	<bean name="customer1" class="ch.javaprofi_academy.simple_xml_config.Customer">
		<constructor-arg name="name" value="Michael" />
		<constructor-arg name="address" value="Zürich" />
	</bean>

	<bean name="customer2" class="ch.javaprofi_academy.simple_xml_config.Customer"
		c:name="Tim" c:address="Kiel" />


    <bean id="emailService" class="ch.asmiq.EMailService" />
    <bean id="smsService" class="ch.asmiq.SmsService" />

    <bean id="academyService" class="ch.asmiq.AcademyService"
        c:emailService-ref="emailService">
        <constructor-arg name="smsService" ref="smsService" />
    </bean>

</beans>
