<?xml version="1.0" encoding="UTF-8"?>
<beans xmlns="http://www.springframework.org/schema/beans"
	xmlns:jdbc="http://www.springframework.org/schema/jdbc"
	xmlns:xsi="http://www.w3.org/2001/XMLSchema-instance"
	xmlns:context="http://www.springframework.org/schema/context"
	xsi:schemaLocation="http://www.springframework.org/schema/beans
    http://www.springframework.org/schema/beans/spring-beans.xsd
    http://www.springframework.org/schema/jdbc
    http://www.springframework.org/schema/jdbc/spring-jdbc.xsd
    http://www.springframework.org/schema/context    
    http://www.springframework.org/schema/context/spring-context.xsd">

	<jdbc:initialize-database data-source="dataSource">
		<jdbc:script location="classpath:scripts/schema.sql" />
		<jdbc:script location="classpath:scripts/data-h2.sql" />
	</jdbc:initialize-database>
	
	<bean id="dataSource"
		class="org.springframework.jdbc.datasource.DriverManagerDataSource">
		<property name="driverClassName" value="org.h2.Driver" />
		<property name="url"
			value="jdbc:h2:mem:testdb;DB_CLOSE_DELAY=-1" />
		<property name="username" value="sa" />
		<property name="password" value="" />
	</bean>

	<bean id="jdbcTemplate"
		class="org.springframework.jdbc.core.JdbcTemplate">
		<property name="dataSource" ref="dataSource"></property>
	</bean>

	<bean id="employeeDao" class="springjdbc.dao.EmployeeDao">
		<property name="jdbcTemplate" ref="jdbcTemplate"></property>
	</bean>

</beans>  
